{
  "hash": "c7d5f138",
  "configHash": "04464de5",
  "lockfileHash": "51ddc140",
  "browserHash": "a7dba2f1",
  "optimized": {
    "@angular/core": {
      "src": "../../../../../node_modules/@angular/core/fesm2022/core.mjs",
      "file": "@angular_core.js",
      "fileHash": "45892327",
      "needsInterop": false
    },
    "@angular/platform-browser": {
      "src": "../../../../../node_modules/@angular/platform-browser/fesm2022/platform-browser.mjs",
      "file": "@angular_platform-browser.js",
      "fileHash": "19d22d52",
      "needsInterop": false
    },
    "@angular/router": {
      "src": "../../../../../node_modules/@angular/router/fesm2022/router.mjs",
      "file": "@angular_router.js",
      "fileHash": "9851ebe3",
      "needsInterop": false
    }
  },
  "chunks": {
    "chunk-XMCKN5AE": {
      "file": "chunk-XMCKN5AE.js"
    },
    "chunk-WNOL74XM": {
      "file": "chunk-WNOL74XM.js"
    }
  }
}